"","PrimePartner","FY16_Budget","FY17_Budget","FY18_Budget","OU"
"1","Partner1",1e+05,150000,2e+05,"Botswana"
"2","Partner2",50000,2e+05,5e+05,"Botswana"
"3","Partner3",5e+05,350000,2e+05,"Botswana"
"4","Partner4",50000,50000,50000,"Botswana"
"5","Partner5",20000,20000,20000,"Botswana"
"6","Partner1",87599.4734801092,51143.8571351114,128837.441960942,"Burundi"
"7","Partner2",20989.2293194034,20905.9139206126,206624.986842764,"Burundi"
"8","Partner3",137288.390085907,145721.117738068,193354.351811718,"Burundi"
"9","Partner4",15254.5390725836,13217.7292224013,48773.265572021,"Burundi"
"10","Partner1",103875.683280215,52625.6451696765,447134.739754118,"Cameroon"
"11","Partner2",40097.4781088714,28250.138268628,316262.310775974,"Cameroon"
"12","Partner3",437935.90182888,686581.74983765,429308.04218074,"Cameroon"
"13","Partner4",18722.9843756856,13952.8964714815,73929.1711388195,"Cameroon"
